{
  "Delete Book" : {
    "transaction" : "Delete Book",
    "sampleCount" : 33,
    "errorCount" : 0,
    "errorPct" : 0.0,
    "meanResTime" : 147.30303030303034,
    "medianResTime" : 132.0,
    "minResTime" : 35.0,
    "maxResTime" : 327.0,
    "pct1ResTime" : 275.0,
    "pct2ResTime" : 310.19999999999993,
    "pct3ResTime" : 327.0,
    "throughput" : 3.8470505945441826,
    "receivedKBytesPerSec" : 2.48330121386104,
    "sentKBytesPerSec" : 0.9136062091979483
  },
  "Get Books" : {
    "transaction" : "Get Books",
    "sampleCount" : 35,
    "errorCount" : 0,
    "errorPct" : 0.0,
    "meanResTime" : 335.7142857142857,
    "medianResTime" : 278.0,
    "minResTime" : 143.0,
    "maxResTime" : 1170.0,
    "pct1ResTime" : 607.1999999999995,
    "pct2ResTime" : 1005.1999999999991,
    "pct3ResTime" : 1170.0,
    "throughput" : 3.593060260753516,
    "receivedKBytesPerSec" : 3212.6215464916336,
    "sentKBytesPerSec" : 0.5158006429011396
  },
  "Total" : {
    "transaction" : "Total",
    "sampleCount" : 136,
    "errorCount" : 0,
    "errorPct" : 0.0,
    "meanResTime" : 211.3602941176471,
    "medianResTime" : 191.0,
    "minResTime" : 35.0,
    "maxResTime" : 1170.0,
    "pct1ResTime" : 325.6,
    "pct2ResTime" : 385.2500000000001,
    "pct3ResTime" : 1093.779999999999,
    "throughput" : 13.805705004568065,
    "receivedKBytesPerSec" : 3199.4300031405437,
    "sentKBytesPerSec" : 2.600168288752411
  },
  "Get Book" : {
    "transaction" : "Get Book",
    "sampleCount" : 34,
    "errorCount" : 0,
    "errorPct" : 0.0,
    "meanResTime" : 193.02941176470586,
    "medianResTime" : 157.0,
    "minResTime" : 118.0,
    "maxResTime" : 356.0,
    "pct1ResTime" : 279.5,
    "pct2ResTime" : 332.75,
    "pct3ResTime" : 356.0,
    "throughput" : 3.9093940439231916,
    "receivedKBytesPerSec" : 20.523869581464876,
    "sentKBytesPerSec" : 0.5844553078647811
  },
  "Post Book" : {
    "transaction" : "Post Book",
    "sampleCount" : 34,
    "errorCount" : 0,
    "errorPct" : 0.0,
    "meanResTime" : 163.85294117647058,
    "medianResTime" : 158.5,
    "minResTime" : 35.0,
    "maxResTime" : 260.0,
    "pct1ResTime" : 251.5,
    "pct2ResTime" : 259.25,
    "pct3ResTime" : 260.0,
    "throughput" : 3.9981185324553152,
    "receivedKBytesPerSec" : 2.7799417920978367,
    "sentKBytesPerSec" : 0.9019193173800565
  }
}