{
  "Post Books" : {
    "transaction" : "Post Books",
    "sampleCount" : 9,
    "errorCount" : 0,
    "errorPct" : 0.0,
    "meanResTime" : 180.77777777777777,
    "medianResTime" : 186.0,
    "minResTime" : 41.0,
    "maxResTime" : 519.0,
    "pct1ResTime" : 519.0,
    "pct2ResTime" : 519.0,
    "pct3ResTime" : 519.0,
    "throughput" : 5.511328842620943,
    "receivedKBytesPerSec" : 3.8320958358848745,
    "sentKBytesPerSec" : 1.2432782838334353
  },
  "Delete Book" : {
    "transaction" : "Delete Book",
    "sampleCount" : 7,
    "errorCount" : 0,
    "errorPct" : 0.0,
    "meanResTime" : 279.2857142857143,
    "medianResTime" : 259.0,
    "minResTime" : 120.0,
    "maxResTime" : 418.0,
    "pct1ResTime" : 418.0,
    "pct2ResTime" : 418.0,
    "pct3ResTime" : 418.0,
    "throughput" : 4.478566858605246,
    "receivedKBytesPerSec" : 2.8909498960332694,
    "sentKBytesPerSec" : 1.0627849088291748
  },
  "Get Books" : {
    "transaction" : "Get Books",
    "sampleCount" : 10,
    "errorCount" : 0,
    "errorPct" : 0.0,
    "meanResTime" : 1717.7,
    "medianResTime" : 2039.0,
    "minResTime" : 296.0,
    "maxResTime" : 2948.0,
    "pct1ResTime" : 2943.6,
    "pct2ResTime" : 2948.0,
    "pct3ResTime" : 2948.0,
    "throughput" : 2.101281781886951,
    "receivedKBytesPerSec" : 1868.5428677899768,
    "sentKBytesPerSec" : 0.3016488495482244
  },
  "Total" : {
    "transaction" : "Total",
    "sampleCount" : 35,
    "errorCount" : 0,
    "errorPct" : 0.0,
    "meanResTime" : 668.2285714285715,
    "medianResTime" : 259.0,
    "minResTime" : 41.0,
    "maxResTime" : 2948.0,
    "pct1ResTime" : 2846.4,
    "pct2ResTime" : 2912.7999999999997,
    "pct3ResTime" : 2948.0,
    "throughput" : 7.354486236604329,
    "receivedKBytesPerSec" : 1880.8240800325698,
    "sentKBytesPerSec" : 1.3600874658541708
  },
  "Get Book" : {
    "transaction" : "Get Book",
    "sampleCount" : 9,
    "errorCount" : 0,
    "errorPct" : 0.0,
    "meanResTime" : 292.1111111111111,
    "medianResTime" : 243.0,
    "minResTime" : 152.0,
    "maxResTime" : 521.0,
    "pct1ResTime" : 521.0,
    "pct2ResTime" : 521.0,
    "pct3ResTime" : 521.0,
    "throughput" : 5.030743432084964,
    "receivedKBytesPerSec" : 26.646127375628843,
    "sentKBytesPerSec" : 0.7522096841811068
  }
}